{"cameraMode":{"drawMode":0,"name":"Shaded","section":"Shading Mode"},"sceneLighting":true,"audioPlay":false,"sceneViewState":{"m_AlwaysRefresh":false,"showFog":true,"showSkybox":true,"showFlares":true,"showImageEffects":true,"showParticleSystems":true,"showVisualEffectGraphs":true,"m_FxEnabled":true},"in2DMode":false,"pivot":{"x":-1.0087567567825318,"y":3.7179622650146486,"z":0.30057865381240847},"rotation":{"x":0.0929841548204422,"y":-0.7026302814483643,"z":0.09360188990831375,"w":0.6994569301605225},"size":3.3052217960357668,"orthographic":true}