{"cameraMode":{"drawMode":0,"name":"Shaded","section":"Shading Mode"},"sceneLighting":true,"audioPlay":false,"sceneViewState":{"m_AlwaysRefresh":false,"showFog":true,"showSkybox":true,"showFlares":true,"showImageEffects":true,"showParticleSystems":true,"showVisualEffectGraphs":true,"m_FxEnabled":true},"in2DMode":false,"pivot":{"x":-0.6751351356506348,"y":3.507474899291992,"z":-0.16112852096557618},"rotation":{"x":0.10192863643169403,"y":-0.6980903744697571,"z":0.10146638751029968,"w":0.7016384601593018},"size":3.0222935676574709,"orthographic":true}