{"cameraMode":{"drawMode":0,"name":"Shaded","section":"Shading Mode"},"sceneLighting":true,"audioPlay":false,"sceneViewState":{"m_AlwaysRefresh":false,"showFog":true,"showSkybox":true,"showFlares":true,"showImageEffects":true,"showParticleSystems":true,"showVisualEffectGraphs":true,"m_FxEnabled":true},"in2DMode":false,"pivot":{"x":2.6384146213531496,"y":8.969830513000489,"z":-23.217159271240236},"rotation":{"x":0.18460173904895783,"y":-0.6866201162338257,"z":0.1869126707315445,"w":0.6779751181602478},"size":15.796465873718262,"orthographic":true}