{"cameraMode":{"drawMode":0,"name":"Shaded","section":"Shading Mode"},"sceneLighting":true,"audioPlay":false,"sceneViewState":{"m_AlwaysRefresh":false,"showFog":true,"showSkybox":true,"showFlares":true,"showImageEffects":true,"showParticleSystems":true,"showVisualEffectGraphs":true,"m_FxEnabled":true},"in2DMode":false,"pivot":{"x":-1.013585090637207,"y":0.9585378170013428,"z":-1.5254316329956055},"rotation":{"x":-0.3096467852592468,"y":0.45757439732551577,"z":-0.17380759119987489,"w":-0.8151991963386536},"size":1.6221985816955567,"orthographic":false}