{"cameraMode":{"drawMode":0,"name":"Shaded","section":"Shading Mode"},"sceneLighting":true,"audioPlay":false,"sceneViewState":{"m_AlwaysRefresh":false,"showFog":true,"showSkybox":true,"showFlares":true,"showImageEffects":true,"showParticleSystems":true,"showVisualEffectGraphs":true,"m_FxEnabled":true},"in2DMode":false,"pivot":{"x":-0.9263449311256409,"y":2.3024637699127199,"z":-1.4265300035476685},"rotation":{"x":0.1916200965642929,"y":-0.5590243935585022,"z":0.13467441499233247,"w":0.795430600643158},"size":2.2571561336517336,"orthographic":true}