{"cameraMode":{"drawMode":0,"name":"Shaded","section":"Shading Mode"},"sceneLighting":true,"audioPlay":false,"sceneViewState":{"m_AlwaysRefresh":false,"showFog":true,"showSkybox":true,"showFlares":true,"showImageEffects":true,"showParticleSystems":true,"showVisualEffectGraphs":true,"m_FxEnabled":true},"in2DMode":false,"pivot":{"x":-9.330428123474121,"y":1.1257970333099366,"z":-14.420048713684082},"rotation":{"x":0.3155832290649414,"y":-0.6268065571784973,"z":0.30790790915489199,"w":0.6424298882484436},"size":1.6815223693847657,"orthographic":true}