{"cameraMode":{"drawMode":0,"name":"Shaded","section":"Shading Mode"},"sceneLighting":true,"audioPlay":false,"sceneViewState":{"m_AlwaysRefresh":false,"showFog":true,"showSkybox":true,"showFlares":true,"showImageEffects":true,"showParticleSystems":true,"showVisualEffectGraphs":true,"m_FxEnabled":true},"in2DMode":false,"pivot":{"x":-1.3478044271469117,"y":3.6664466857910158,"z":15.948505401611329},"rotation":{"x":0.2774229645729065,"y":-0.6548344492912293,"z":0.28212398290634158,"w":0.6439245939254761},"size":11.016011238098145,"orthographic":true}