{"cameraMode":{"drawMode":0,"name":"Shaded","section":"Shading Mode"},"sceneLighting":true,"audioPlay":false,"sceneViewState":{"m_AlwaysRefresh":false,"showFog":true,"showSkybox":true,"showFlares":true,"showImageEffects":true,"showParticleSystems":true,"showVisualEffectGraphs":true,"m_FxEnabled":true},"in2DMode":false,"pivot":{"x":-0.7080952525138855,"y":0.7227572202682495,"z":-1.2708687782287598},"rotation":{"x":-0.055727384984493259,"y":0.9275825023651123,"z":-0.3367859423160553,"w":-0.15309226512908936},"size":8.33944320678711,"orthographic":true}