{"cameraMode":{"drawMode":0,"name":"Shaded","section":"Shading Mode"},"sceneLighting":true,"audioPlay":false,"sceneViewState":{"m_AlwaysRefresh":false,"showFog":true,"showSkybox":true,"showFlares":true,"showImageEffects":true,"showParticleSystems":true,"showVisualEffectGraphs":true,"m_FxEnabled":true},"in2DMode":false,"pivot":{"x":-0.11176260560750961,"y":-4.974093914031982,"z":-20.222854614257814},"rotation":{"x":-0.2512935400009155,"y":0.33906811475753786,"z":-0.09450078010559082,"w":-0.9016395211219788},"size":12.461819648742676,"orthographic":false}