{"cameraMode":{"drawMode":0,"name":"Shaded","section":"Shading Mode"},"sceneLighting":true,"audioPlay":false,"sceneViewState":{"m_AlwaysRefresh":false,"showFog":true,"showSkybox":true,"showFlares":true,"showImageEffects":true,"showParticleSystems":true,"showVisualEffectGraphs":true,"m_FxEnabled":true},"in2DMode":false,"pivot":{"x":-0.6751351356506348,"y":3.507474899291992,"z":-0.16112852096557618},"rotation":{"x":0.07662494480609894,"y":-0.7087627053260803,"z":0.07794033735990524,"w":0.6971436142921448},"size":3.6206347942352297,"orthographic":true}