{"cameraMode":{"drawMode":0,"name":"Shaded","section":"Shading Mode"},"sceneLighting":true,"audioPlay":false,"sceneViewState":{"m_AlwaysRefresh":false,"showFog":true,"showSkybox":true,"showFlares":true,"showImageEffects":true,"showParticleSystems":true,"showVisualEffectGraphs":true,"m_FxEnabled":true},"in2DMode":false,"pivot":{"x":0.1400025188922882,"y":4.7561492919921879,"z":0.34086933732032778},"rotation":{"x":0.045818787068128589,"y":-0.7198317050933838,"z":0.04786872863769531,"w":0.6912203431129456},"size":2.3138222694396974,"orthographic":true}