{"cameraMode":{"drawMode":0,"name":"Shaded","section":"Shading Mode"},"sceneLighting":true,"audioPlay":false,"sceneViewState":{"m_AlwaysRefresh":false,"showFog":true,"showSkybox":true,"showFlares":true,"showImageEffects":true,"showParticleSystems":true,"showVisualEffectGraphs":true,"m_FxEnabled":true},"in2DMode":false,"pivot":{"x":-2.482210636138916,"y":3.656081199645996,"z":-0.4349101781845093},"rotation":{"x":0.05924072861671448,"y":-0.7056758403778076,"z":0.059431109577417377,"w":0.703757643699646},"size":3.8538284301757814,"orthographic":true}