{"cameraMode":{"drawMode":0,"name":"Shaded","section":"Shading Mode"},"sceneLighting":true,"audioPlay":false,"sceneViewState":{"m_AlwaysRefresh":false,"showFog":true,"showSkybox":true,"showFlares":true,"showImageEffects":true,"showParticleSystems":true,"showVisualEffectGraphs":true,"m_FxEnabled":true},"in2DMode":false,"pivot":{"x":-12.741000175476075,"y":-0.021495571359992029,"z":7.868923187255859},"rotation":{"x":0.4839231073856354,"y":-0.5157169103622437,"z":0.48625460267066958,"w":0.5132496953010559},"size":37.46242141723633,"orthographic":true}