{"cameraMode":{"drawMode":0,"name":"Shaded","section":"Shading Mode"},"sceneLighting":true,"audioPlay":false,"sceneViewState":{"m_AlwaysRefresh":false,"showFog":true,"showSkybox":true,"showFlares":true,"showImageEffects":true,"showParticleSystems":true,"showVisualEffectGraphs":true,"m_FxEnabled":true},"in2DMode":false,"pivot":{"x":-1.0714898109436036,"y":2.1370456218719484,"z":1.1452782154083253},"rotation":{"x":0.15570729970932008,"y":0.6758668422698975,"z":-0.1494414061307907,"w":0.7049048542976379},"size":2.4617767333984377,"orthographic":true}